# nolint census — the opt-out rows' per-(linter, file) counts
GENERATED by `lake exe gates nolint-census --write` — do not hand-edit.
CI runs `nolint-census` without --write; a diff fails the gate.
Every row is load-bearing (the named reason stays) or fixed — a new
row lands as a deliberate --write --accept-drift re-baseline diff.

linter.guestlang.axiomAllowlist	contracts/ContractsTests/Main.lean	4
linter.guestlang.axiomAllowlist	effects/EffectsTests/Main.lean	6
linter.guestlang.axiomAllowlist	guest/GuestTests/Deriv.lean	1
linter.guestlang.bareChecker	guest/Guest/EdgePython/Check.lean	1
linter.guestlang.dupDefBodies	guest/Guest/Component.lean	2
linter.guestlang.dupDefBodies	guest/Guest/Effects.lean	6
linter.guestlang.dupDefBodies	guest/Guest/Lower.lean	6
linter.guestlang.dupDefBodies	guest/GuestTests/Fixture.lean	1
linter.guestlang.dupDefBodies	guest/GuestTests/Main.lean	1
linter.guestlang.dupDefBodies	query/QueryTests/Bridge.lean	3
linter.guestlang.dupDefBodies	query/QueryTests/QLangSpecs.lean	7
linter.guestlang.graduation	vortex/Vortex/Codecs.lean	1
linter.guestlang.graduation	vortex/Vortex/Encoding.lean	1
linter.guestlang.zeroCitation	contracts/Contracts/Contract.lean	3
linter.guestlang.zeroCitation	contracts/Contracts/Wp.lean	10
linter.guestlang.zeroCitation	effects/Effects/Basic.lean	16
linter.guestlang.zeroCitation	effects/Effects/Footprint.lean	4
linter.guestlang.zeroCitation	effects/Effects/Resource.lean	10
linter.guestlang.zeroCitation	guest/Guest/Effects.lean	5
linter.guestlang.zeroCitation	machines/Machines/Fusion.lean	13
linter.guestlang.zeroCitation	machines/Machines/Session.lean	22
linter.guestlang.zeroCitation	schemacore/SchemaCore/Migrate.lean	11
linter.guestlang.zeroCitation	schemacore/SchemaCore/Update.lean	13
linter.guestlang.zeroCitation	zset/ZSet/Circuit.lean	10
linter.guestlang.zeroCitation	zset/ZSet/CircuitCompile.lean	1
